label	status	color	section	sectionColor	workflow	modules	declarations
cor:action-metrization	verified	#2da44e	market-actions	#bf8700	lean-market-actions.yml	Foundations.MarketActions.Composite	module-comment;actionEDistance;actionEDistance_add_add;actionEDistance_cancel_cancel;actionEDistance_modify_modify;actionEDistance_eq_top_of_kind_ne;kind_eq_of_actionEDistance_lt_top;instEDist;instPseudoEMetricSpace;instEMetricSpace;edist_eq_top_of_kind_ne;kind_eq_of_edist_lt_top;cauchySeq_eventually_constant_kind;addPayloadD;cancelPayloadD;modifyPayloadD;completeSpace;separableSpace;compositeAction_completeSpace
cor:bijective-weak-linear-transport-hilbert-structure	verified	#2da44e	stochastic	#8250df	lean-stochastic.yml	Foundations.Stochastic.KernelHilbert	bijective_weakLinear_transport_hilbert_structure
cor:cancel-closure-sorted	verified	#2da44e	market-actions	#bf8700	lean-market-actions.yml	Foundations.MarketActions.Primitive	module-comment;reindex_isSorted;cancel_isSorted;sortedCancel_eq_cancel;sortedCancel_eq_cancelSubtype
cor:filter	verified	#2da44e	market-clearing	#cf222e	lean-market-clearing.yml	Foundations.MarketClearing.Selection	module-comment;measurable_filter_emetricBorel
cor:grothendieck-vectorization-inner-product-space	verified	#2da44e	stochastic	#8250df	lean-stochastic.yml	Foundations.Stochastic.KernelHilbert	grothendieckVectorizationInner;grothendieckVectorizationInnerCore;grothendieckVectorization_normedAddCommGroup;grothendieckVectorization_innerProductSpace;grothendieckVectorizationLinearIsometryEquivSpan;grothendieck_vectorization_innerProductSpace_and_isometry;CompletedGrothendieckVectorization;CompletedGrothendieckSpan;linearIsometryEquiv_toUniformEquiv;grothendieckCompletionUniformEquivSpanCompletion;grothendieckCompletionLinearIsometryEquivSpanCompletion;grothendieck_completion_targets_completedSpan;grothendieckCompletionToSpanCompletion_isometry;completedGrothendieckVectorization_complete;completedGrothendieckSpan_complete;weakConvexKernelZero;weakConvexKernelImage_zero;grothendieckConeEmbedding;grothendieckVectorizationEquivSpan_coneEmbedding;grothendieckVectorizationCone;grothendieckVectorizationCone_convexCone;completedGrothendieckEmbeddedCone;completedGrothendieckCone;completedGrothendieckCone_isClosed;completedGrothendieckEmbeddedCone_convexCone;completedGrothendieckCone_convexCone;completedGrothendieckCone_nonempty;completedGrothendieckCone_metricProjection_existsUnique
cor:local-continuity-sorting	verified	#2da44e	market-representation	#1a7f37	lean-market-representation.yml	Foundations.MarketRepresentation.TuplesMeasurableSorting	sortingValidTopology;sortedTupleTopology;sortingValidMap;continuous_sortingValidMap
cor:many-measurable-sorting-exists	commentary	#6e7781	market-representation	#1a7f37	lean-market-representation.yml	Foundations.MarketRepresentation.TuplesMeasurableSorting	module-comment
cor:measurable-index-filter-for-countable-borel-family	verified	#2da44e	market-clearing	#cf222e	lean-market-clearing.yml	Foundations.MarketClearing.Selection	setCharacteristicBool;borelIndexSet;measurable_borelIndexSet_emetricBorel
cor:measures-coincide	verified	#2da44e	stochastic	#8250df	lean-stochastic.yml	Foundations.Stochastic.PointProcesses;Foundations.Stochastic.TupleMeasures	module-comment;atomicDecomposition_totalMultiplicity_eq_of_prokhorovEDistance_lt_one;tupleMeasures_totalMultiplicity_eq_of_prokhorovEDistance_lt_one
cor:sorted-operations-measurable	verified	#2da44e	market-actions	#bf8700	lean-market-actions.yml	Foundations.MarketActions.Analytic	module-comment;emetricTopology;emetricBorel;IsMeasurableSortingRule;measurable_concat_emetricBorel;measurable_cancel_emetricBorel;measurable_modify_emetricBorel;measurable_sortedAdd_emetricBorel;measurable_sortedCancel_emetricBorel;measurable_sortedModify_emetricBorel
cor:strict-disjoint-total-order	verified	#2da44e	market-representation	#1a7f37	lean-market-representation.yml	Foundations.MarketRepresentation.DisjointUnion	module-comment;LexLT;lexLT_isStrictTotalOrder
cor:tuple-induced-measure-permutation-invariant	verified	#2da44e	stochastic	#8250df	lean-stochastic.yml	Foundations.Stochastic.TupleMeasures	tupleInducedIntegerMeasure_permute;tupleInducedIntegerMeasure_eq_of_permutativeEquality
cor:tuple-metrization	verified	#2da44e	market-representation	#1a7f37	lean-market-representation.yml	Foundations.MarketRepresentation.TuplesMetricTopology	module-comment;tupleSupEMetricSpace;tupleSupEDistance;tupleSup_edist_same;tupleSup_edist_ne_length;tupleHausdorff_min_one_eq_tupleSup_min_one;tupleHausdorff_lt_one_iff_tupleSup_lt_one;tupleSup_completeSpace;tupleSup_separableSpace
cor:unique-and-idempotent-sort	verified	#2da44e	market-representation	#1a7f37	lean-market-representation.yml	Foundations.MarketRepresentation.TuplesSorting	list_finRange_perm_equiv;list_ofFn_perm_comp_equiv;isSorted_pairwise_ofFn;sortedPermutations_eq_of_linearOrder;sortingRule_sort_unique_of_linearOrder;sortingRule_idempotent_of_linearOrder;sortingRule_sort_eq_self_of_isSorted
cor:weak-convex-transport-convex-cone-structure	verified	#2da44e	stochastic	#8250df	lean-stochastic.yml	Foundations.Stochastic.KernelHilbert	WeakConvexKernelSpace;weakConvexKernelSpaceEquivRange;weakConvexKernelAdd;weakConvexKernelNonnegativeScalarMultiplication;weakConvexKernel_transportedCone_combination_image;weakConvex_transport_convexCone_operations;weakConvex_transport_convexCone_structure
defn:Hausdorff-distance	verified	#2da44e	market-representation	#1a7f37	lean-market-representation.yml	Foundations.MarketRepresentation.FiniteSets	hausdorffDistance;hausdorffEDistance;hausdorffEDistance_self;hausdorffEDistance_comm;hausdorffEDistance_triangle
defn:actions	verified	#2da44e	market-actions	#bf8700	lean-market-actions.yml	Foundations.MarketActions.Composite	module-comment;ActionKind;MarketAction;kind;applyAction;applyAction_add;applyAction_cancel;applyAction_modify
defn:cancel	verified	#2da44e	market-actions	#bf8700	lean-market-actions.yml	Foundations.MarketActions.Primitive	module-comment;finiteSubsetDiff;cancel;cancel_length
defn:completed-kernel-space	verified	#2da44e	stochastic	#8250df	lean-stochastic.yml	Foundations.Stochastic.KernelHilbert	CompletedKernelSpace;completedKernelSpace_complete
defn:concat-tuple	verified	#2da44e	market-actions	#bf8700	lean-market-actions.yml	Foundations.MarketActions.Primitive	module-comment;concat;concat_length;concat_left;concat_right
defn:connectivity-relation	verified	#2da44e	market-representation	#1a7f37	lean-market-representation.yml	Foundations.MarketRepresentation.TuplesSorting	IndexConnected
defn:convex-cone	verified	#2da44e	stochastic	#8250df	lean-stochastic.yml	Foundations.Stochastic.KernelHilbert	ConvexCone
defn:disjoint-union	verified	#2da44e	market-representation	#1a7f37	lean-market-representation.yml	Foundations.MarketRepresentation.DisjointUnion	module-comment;DisjointUnion;SetDisjointUnion
defn:disjoint-union-metrization	verified	#2da44e	market-representation	#1a7f37	lean-market-representation.yml	Foundations.MarketRepresentation.DisjointUnionTopology	module-comment;disjointEdist;edist_eq_top_of_tag_ne;metricTopology_isOpen_iff;metricTopology_eq_sigma
defn:distinct-finite-sets	verified	#2da44e	market-representation	#1a7f37	lean-market-representation.yml	Foundations.MarketRepresentation.FiniteSets	index;value;HasDistinctIndices;DistinctFiniteSubsets;value_eq_of_same_index
defn:finite-permutations	verified	#2da44e	market-representation	#1a7f37	lean-market-representation.yml	Foundations.MarketRepresentation.TuplesBasic	FinitePermutation;FinitePermutations
defn:function-kernel-quotient-space	verified	#2da44e	stochastic	#8250df	lean-stochastic.yml	Foundations.Stochastic.KernelHilbert	FunctionKernelQuotient;functionKernelClass
defn:functional-and-operator	verified	#2da44e	stochastic	#8250df	lean-stochastic.yml	Foundations.Stochastic.KernelHilbert	Functional;Operator
defn:index-comparable	verified	#2da44e	market-representation	#1a7f37	lean-market-representation.yml	Foundations.MarketRepresentation.TuplesSorting	IndexComparable;indexComparable_refl;indexComparable_symm
defn:inner-product-kernel-space	verified	#2da44e	stochastic	#8250df	lean-stochastic.yml	Foundations.Stochastic.KernelHilbert	InnerProductKernelSpace;innerProductKernelInner;innerProductKernelInner_class
defn:isolative	verified	#2da44e	market-representation	#1a7f37	lean-market-representation.yml	Foundations.MarketRepresentation.FiniteSets	Isolative
defn:minimum-sorting-rule	verified	#2da44e	market-representation	#1a7f37	lean-market-representation.yml	Foundations.MarketRepresentation.TuplesSorting	list_union_singleton_eq_dedup_append_of_notMem;firstOccurrenceList_replicate_append_of_pos;not_mem_flatten_replicates_of_notMem;firstOccurrenceList_flatten_replicates_of_nodup;exists_label_of_getElem_flatten_blocks;map_snd_filter_zip_eq_nil_of_notMem;map_snd_filter_zip_replicate_eq;flatten_filter_zip_replicateLabels_eq_values;map_filter_finRange_eq_map_snd_filter_zip_ofFn;segmentListByArrival_empty;graphPointListToFinset;leastIndexValueMinimal_eq_of_index_min;leastIndexValueMinimal_eq_head_of_sorted_indexed_cons;distinctFiniteSetSortListAux_eq_self_of_pairwise_indexed;distinctFiniteSetSortList_eq_self_of_pairwise_indexed;segmentPointListByIndex;mem_segmentPointListByIndex_iff;pairwise_segmentPointListByIndex_of_isSorted;index_strict_segmentPointListByIndex;distinctFiniteSetSortList_segment_eq_segmentPointListByIndex_of_isSorted;sortedSegment;sortedSegment_isSorted;minimumSortGraphBlocks;minimumSortGraphBlocks_eq_segmentPointLists_of_isSorted;minimumSortGraphList;minimumSortGraphList_eq_flatten_segmentPointLists_of_isSorted;minimumSortIndexList;minimumSortBlocks;minimumSortList;minimumSortList_eq_map_value;minimumSortList_get_cast_graphList_eq_value;minimumSort;minimumSort_empty;pairwise_minimumSortBlock;distinctFiniteSetSortList_segment_nonempty;length_distinctFiniteSetSortList_segment_pos;minimumSortSourceBlocks;firstOccurrenceList_minimumSortSourceBlocks_flatten;length_minimumSortSourceBlocks_flatten;indexConnected_of_mem_same_sortedSegmentGraphBlock;not_comparable_of_mem_distinct_sortedSegmentGraphBlocks;exists_segment_of_mem_minimumSortGraphList;indexConnected_of_mem_minimumSortGraphList_same_source;not_comparable_of_mem_minimumSortGraphList_distinct_sources;indexConnected_of_get_minimumSortGraphList_same_source;not_comparable_get_minimumSortGraphList_distinct_sources;mem_minimumSortGraphList_iff;minimumSortGraphPositionOfIndex;minimumSortGraphList_get_graphPositionOfIndex;mem_minimumSortIndexList_iff;ne_of_mem_distinct_sortedSegmentGraphBlocks;nodup_flatten_sortedSegmentGraphBlocks;nodup_minimumSortGraphList;nodup_minimumSortIndexList;perm_minimumSortIndexList_range;length_minimumSortIndexList;length_minimumSortGraphList;length_minimumSortList;length_minimumSort;minimumSortOutputPositionOfIndex;minimumSortOutputPositionOfGraphPosition;minimumSortGraphPositionOfOutputPosition;minimumSort_graphPosition_outputPosition;minimumSort_outputPosition_graphPosition;minimumSort_entry_outputPositionOfGraphPosition;minimumSort_entry_outputPositionOfIndex;minimumSort_indexComparable_outputPosition_of_indexComparable;minimumSort_indexConnected_outputPosition_of_indexConnected;minimumSortGraphPosition_eq_of_get_eq;minimumSort_indexConnected_of_get_same_source;minimumSort_not_indexComparable_of_get_distinct_sources;minimumSort_source_eq_of_indexComparable;source_eq_of_mem_same_sortedSegmentGraphPoint;minimumSort_source_eq_of_indexConnected;minimumSort_not_indexConnected_of_get_distinct_sources;minimumSort_indexConnected_get_iff_source_eq;minimumSortSegmentOfSource;minimumSort_graphPosition_arrival_mem_source;minimumSort_graphPosition_outputPositionOfIndex;minimumSort_indexSegment_outputPositionOfGraphPosition;minimumSortSourceAtGraphPosition;minimumSortSourceAtGraphPosition_mem;minimumSortSourceAtGraphPosition_eq_of_mem;exists_minimumSortSourceBlock_of_graphPosition;minimumSortSourceAtGraphPosition_eq_sourceBlocks_get;minimumSortSourceList;minimumSortSourceList_eq_sourceBlocks_flatten;firstOccurrenceList_minimumSortSourceList;ofFn_indexSegment_minimumSort_eq_map_sourceList;minimumSort_indexSegment_outputPositionOfGraphPosition_eq_sourceAt;minimumSortSourceAtGraphPosition_graphPositionOfIndex;minimumSort_indexConnected_outputPositionOfGraphPosition_iff_sourceAt_eq;minimumSortSegmentOfSource_injective;segmentListByArrival_minimumSort_eq_map_source;exists_source_of_minimumSortSegment;minimumSortSegmentOfSource_surjective;minimumSortSegmentOfSource_bijective;minimumSortSegmentOfSource_eq_iff;minimumSortSourceAtGraphPosition_mem_segmentListByArrival;minimumSort_indexSegment_outputPositionOfIndex;mem_map_minimumSortSegmentOfSource_segmentListByArrival_iff;nodup_map_minimumSortSegmentOfSource_segmentListByArrival;segmentListByArrival_minimumSort_perm_map_source;length_segmentListByArrival_minimumSort;minimumSortOutputGraphList;minimumSortOutputGraphList_get;minimumSortOutputGraphList_map_value;mem_minimumSortOutputGraphList_iff;nodup_minimumSortOutputGraphList;minimumSortGraphList_minimumSort_perm_outputGraphList;minimumSortOutputGraphList_get_mem_segmentPointListByIndex_source;mem_segmentPointListByIndex_minimumSort_segmentOfSource_iff;minimumSortOutputGraphBlockOfSource;mem_minimumSortOutputGraphBlockOfSource_iff;pairwise_index_minimumSortOutputGraphBlockOfSource;index_strict_minimumSortOutputGraphBlockOfSource;minimumSortList_minimumSort_eq_of_graphList_eq_outputGraphList;minimumSort_idempotent_of_graphList_eq_outputGraphList;fin_cast_congrArg_val;list_get_injective_of_nodup;finPermutationOfNatList;minimumSortPermutation;minimumSortGraphList_get_value_eq_entry_index;minimumSortList_get_eq_graphList_get_value;minimumSort_entry_eq_graphList_get_value;minimumSortPermutation_val_eq_graphList_get_index;minimumSortList_get_eq_entry_minimumSortPermutation;minimumSort_eq_permute_minimumSortPermutation;not_lt_of_mem_distinct_sortedSegmentBlocks;pairwise_flatten_sortedSegmentBlocks;pairwise_minimumSortList;minimumSort_isSorted;minimumSortingRule;minimumSortGraphList_minimumSort_eq_flatten_segmentPointLists_source;minimumSortList_minimumSort_eq_flatten_segmentPointValues_source;pairwise_value_minimumSortOutputGraphBlockOfSource;minimumSortOutputGraphBlockOfSource_eq_segmentPointListByIndex;minimumSortOutputGraphBlockOfSourceZip;minimumSortOutputGraphBlockOfSource_eq_zip_filter;flatten_minimumSortOutputGraphBlocks_eq_outputGraphList;minimumSortGraphList_minimumSort_eq_flatten_outputGraphBlocks;minimumSortGraphList_minimumSort_eq_outputGraphList;minimumSort_idempotent;minimumSortingRule_idempotent
defn:modification	verified	#2da44e	market-actions	#bf8700	lean-market-actions.yml	Foundations.MarketActions.Primitive	module-comment;modificationValue;modificationValue_eq_default_of_not_exists;modificationValue_eq_of_mem;modify;modify_length;modify_entry_of_mem;modify_entry_of_not_exists;sortedModify;sortedModify_isSorted
defn:pairing	verified	#2da44e	market-actions	#bf8700	lean-market-actions.yml	Foundations.MarketActions.Primitive	module-comment;pairing;pairing_length;pairing_isSorted;pairing_entry_mem;pairing_range_eq;exists_pairing_entry_eq_of_mem
defn:permutation-map	verified	#2da44e	market-representation	#1a7f37	lean-market-representation.yml	Foundations.MarketRepresentation.TuplesMeasurableSorting	module-comment;permutationMap
defn:permutative-equality	verified	#2da44e	stochastic	#8250df	lean-stochastic.yml	Foundations.Stochastic.PermutedTuples	module-comment;PermutativeEquality;length_eq_of_permutativeEquality
defn:permuted-tuple-hausdorff-distance	verified	#2da44e	stochastic	#8250df	lean-stochastic.yml	Foundations.Stochastic.PermutedTuples	module-comment;permutedTupleHausdorffEDistance;permutedTupleHausdorffEDistance_mk_mk;instEDist
defn:permuted-tuple-quotient-space	verified	#2da44e	stochastic	#8250df	lean-stochastic.yml	Foundations.Stochastic.PermutedTuples	PermutedTupleQuotientSpace;permutativeClass;self_mem_permutativeClass
defn:reflexive-transitive-closure	verified	#2da44e	market-representation	#1a7f37	lean-market-representation.yml	Foundations.MarketRepresentation.TuplesSorting	ReflexiveTransitiveClosure
defn:reindex	verified	#2da44e	market-actions	#bf8700	lean-market-actions.yml	Foundations.MarketActions.Primitive	module-comment;tupleDomain;mem_tupleDomain;finiteSubsetInter;reindex;reindex_length
defn:segments	verified	#2da44e	market-representation	#1a7f37	lean-market-representation.yml	Foundations.MarketRepresentation.TuplesSorting	ConnectedSegment;indexSegment;segmentIndices;indexConnected_iff_same_segment;indexConnected_of_mem_same_segment;tupleGraph;segmentGraph;segmentDistinctFiniteSet;mem_segmentDistinctFiniteSet;firstOccurrenceList;mem_firstOccurrenceList;nodup_firstOccurrenceList;firstOccurrenceList_nil;firstOccurrenceList_map_of_injective;firstOccurrenceList_eq_self_of_nodup;segmentListByArrival;segmentIndices_injective;map_segmentIndices_segmentListByArrival_eq_firstOccurrenceList;segmentIndices_indexSegment_eq_connectedSet;map_segmentIndices_segmentListByArrival_eq_firstOccurrenceList_connectedSets
defn:separable	verified	#2da44e	market-representation	#1a7f37	lean-market-representation.yml	Foundations.MarketRepresentation.FiniteSets	ThesisSeparable;thesisSeparable_iff_separableSpace
defn:separation-operators	verified	#2da44e	market-clearing	#cf222e	lean-market-clearing.yml	Foundations.MarketClearing.Selection	sigmaTagBool;valueAtTag;separationIndexSet;componentFromIndices;separationComponent;separationOperator
defn:sorted-cancel	verified	#2da44e	market-actions	#bf8700	lean-market-actions.yml	Foundations.MarketActions.Primitive	module-comment;sortedCancel;sortedCancel_isSorted
defn:sorted-tuple-add	verified	#2da44e	market-actions	#bf8700	lean-market-actions.yml	Foundations.MarketActions.Primitive	module-comment;sortedAdd;sortedAdd_val;sortedAdd_isSorted;sortedAdd_exists_sortingPermutation;sortedAddOn
defn:sorted-tuples	verified	#2da44e	market-representation	#1a7f37	lean-market-representation.yml	Foundations.MarketRepresentation.TuplesBasic;Foundations.MarketRepresentation.TuplesSorting	IsSorted;SortedTuple;empty_isSorted;isSorted_iff_monotone;isSorted_tupleOfList_of_pairwise
defn:sorting-finite-sets	verified	#2da44e	market-representation	#1a7f37	lean-market-representation.yml	Foundations.MarketRepresentation.TuplesSorting	segmentDistinctFiniteSet;mem_segmentDistinctFiniteSet;tupleOfList;tupleOfList_length;tupleOfList_entry;valueMinimalElements;valueMinimalElements_nonempty;leastIndexValueMinimal;leastIndexValueMinimal_mem;leastIndexValueMinimal_mem_valueMinimal;leastIndexValueMinimal_value_minimal;leastIndexValueMinimal_index_le;distinctFiniteSetSortListAux;distinctFiniteSetSortList;distinctFiniteSetSortStar;distinctFiniteSetSort;distinctFiniteSetSortIndices;mem_distinctFiniteSetSortListAux_subset;mem_distinctFiniteSetSortList_subset;length_distinctFiniteSetSortListAux;mem_distinctFiniteSetSortListAux_of_mem;mem_distinctFiniteSetSortListAux_iff;graphPointListToFinset_distinctFiniteSetSortListAux;leastIndexValueMinimal_graphPointListToFinset_drop_distinctFiniteSetSortListAux;nodup_distinctFiniteSetSortListAux;perm_distinctFiniteSetSortListAux_toList;length_distinctFiniteSetSortList;length_distinctFiniteSetSortStar;length_distinctFiniteSetSort;length_distinctFiniteSetSortIndices;nodup_distinctFiniteSetSortList;nodup_distinctFiniteSetSortIndexList;pairwise_no_later_lt_distinctFiniteSetSortListAux;distinctFiniteSetSort_isSorted;mem_distinctFiniteSetSortList_iff
defn:sorting-map	verified	#2da44e	market-representation	#1a7f37	lean-market-representation.yml	Foundations.MarketRepresentation.TuplesSorting	SortingRule;toSortedTuple;isSorted_sort
defn:sorting-permutations	verified	#2da44e	market-representation	#1a7f37	lean-market-representation.yml	Foundations.MarketRepresentation.TuplesBasic;Foundations.MarketRepresentation.TuplesSorting	permute;IsTupleSortingPermutation;TupleSortingPermutations;tupleSortingPermutation_isSorted;IsSortingPermutation;SortingPermutations;sortingPermutation_isSorted;identitySortingPermutation
defn:tau	verified	#2da44e	market-representation	#1a7f37	lean-market-representation.yml	Foundations.MarketRepresentation.TuplesSorting	segmentIndexFinset;segmentIndexFinset_nonempty;segmentArrivalIndex;segmentArrivalIndex_mem;segmentIndices_injective
defn:tuple	verified	#2da44e	market-representation	#1a7f37	lean-market-representation.yml	Foundations.MarketRepresentation.TuplesBasic	module-comment;Tuple;length;empty;entry
defn:tuple-induced-integer-valued-measure	verified	#2da44e	stochastic	#8250df	lean-stochastic.yml	Foundations.Stochastic.TupleMeasures	tupleInducedIntegerMeasure;tupleInducedIntegerMeasure_apply
defn:tuple-projection	verified	#2da44e	market-clearing	#cf222e	lean-market-clearing.yml	Foundations.MarketClearing.Selection	tupleProjection;tupleDecomposition
defn:tuple-space	verified	#2da44e	market-representation	#1a7f37	lean-market-representation.yml	Foundations.MarketRepresentation.TuplesBasic	module-comment;Tuple
defn:weak-convergence-finite-measures	verified	#2da44e	stochastic	#8250df	lean-stochastic.yml	Foundations.Stochastic.PointProcesses	WeakConvergesFiniteMeasures;weakConvergesFiniteMeasures_iff_forall_integral_tendsto
defn:weak-linear-operator	verified	#2da44e	stochastic	#8250df	lean-stochastic.yml	Foundations.Stochastic.KernelHilbert	WeaklyLinearOperator
defn:weakly-convex-operator	verified	#2da44e	stochastic	#8250df	lean-stochastic.yml	Foundations.Stochastic.KernelHilbert	WeaklyConvexOperator
eq:agent-adm-dyn-1	verified	#2da44e	market-representation	#1a7f37	lean-market-representation.yml	Foundations.MarketRepresentation.DisjointUnion	toTimeCollapsed;toTimeCollapsed_injective;toProduct;toProduct_injective
eq:agent-adm-dyn-2	verified	#2da44e	market-representation	#1a7f37	lean-market-representation.yml	Foundations.MarketRepresentation.DisjointUnion	AgentDynamicPriceTimeUnion;AgentDynamicQuantityTimeUnion;AgentDynamicTimeCollapsedOrders;toTimeCollapsed;toTimeCollapsed_injective;toProduct;toProduct_injective
eq:agent-adm-dyn-3	verified	#2da44e	market-representation	#1a7f37	lean-market-representation.yml	Foundations.MarketRepresentation.DisjointUnion	toProduct;toProduct_injective;toProduct;toProduct_injective
eq:agent-adm-static-inj	verified	#2da44e	market-representation	#1a7f37	lean-market-representation.yml	Foundations.MarketRepresentation.DisjointUnion	toProduct
eq:epsilon-extension	verified	#2da44e	stochastic	#8250df	lean-stochastic.yml	Foundations.Stochastic.PointProcesses	epsilonExtension
eq:finite-integer-measures	verified	#2da44e	stochastic	#8250df	lean-stochastic.yml	Foundations.Stochastic.PointProcesses	IsIntegerValuedFiniteMeasure;FiniteIntegerMeasures;diracFiniteMeasure_integerValued;weightedDiracFiniteMeasure_integerValued;finiteAtomicMeasure_integerValued
eq:finite-measures	verified	#2da44e	stochastic	#8250df	lean-stochastic.yml	Foundations.Stochastic.PointProcesses	FiniteMeasures
eq:index-mapping	verified	#2da44e	market-clearing	#cf222e	lean-market-clearing.yml	Foundations.MarketClearing.Equilibrium	module-comment;feasibleEquilibriumIndexSet;mem_feasibleEquilibriumIndexSet;feasibleEquilibriumIndexSet_restricted
eq:lem-helpful-point-process-1	verified	#2da44e	stochastic	#8250df	lean-stochastic.yml	Foundations.Stochastic.PointProcesses	helpfulPointProcess_left
eq:lem-helpful-point-process-2	verified	#2da44e	stochastic	#8250df	lean-stochastic.yml	Foundations.Stochastic.PointProcesses	helpfulPointProcess_right
eq:lem-helpful-point-process-3	verified	#2da44e	stochastic	#8250df	lean-stochastic.yml	Foundations.Stochastic.PointProcesses	helpfulPointProcess_totalMass_eq
eq:minimal-sort	verified	#2da44e	market-clearing	#cf222e	lean-market-clearing.yml	Foundations.MarketClearing.Sorting	module-comment;realMinimalPermutationLE;dualizeRealTuple;realMinimalPermutationGE;realMinimumSortLE_eq_permutationMap;realMinimalPermutationLE_sorts;realMinimumSortGE_dual_eq_permutationMap;realMinimalPermutationGE_sorts_dual;continuous_dualizeRealTuple;measurable_dualizeRealTuple
eq:prelim-pp	verified	#2da44e	stochastic	#8250df	lean-stochastic.yml	Foundations.Stochastic.TupleMeasures	tupleInducedIntegerMeasure;tupleInducedIntegerMeasure_apply
eq:recursive-application	verified	#2da44e	market-actions	#bf8700	lean-market-actions.yml	Foundations.MarketActions.Composite	compositeActionList;applyCompositeAction_mk
eq:sort-permute	verified	#2da44e	market-representation	#1a7f37	lean-market-representation.yml	Foundations.MarketRepresentation.TuplesSorting	exists_sortingPermutation
eq:sorted-tuple-separable	verified	#2da44e	market-representation	#1a7f37	lean-market-representation.yml	Foundations.MarketRepresentation.TuplesMetricTopology	sortedTuple_separableSpace
exmp:adm-dyn	verified	#2da44e	market-representation	#1a7f37	lean-market-representation.yml	Foundations.MarketRepresentation.DisjointUnion	module-comment;DynamicOrder;DynamicAdmissibleOrders;dynamicAdmissibleOrdersEquivIntentProduct;DynamicAdmissibleOrdersTimeIndexed;dynamicTimeIndexedEquivDynamicAdmissibleOrders
exmp:adm-static	verified	#2da44e	market-representation	#1a7f37	lean-market-representation.yml	Foundations.MarketRepresentation.DisjointUnion	module-comment;Intent;StaticOrder;StaticAdmissibleOrders;staticAdmissibleOrdersEquivIntentProduct
exmp:agent-adm-dyn	verified	#2da44e	market-representation	#1a7f37	lean-market-representation.yml	Foundations.MarketRepresentation.DisjointUnion	module-comment;AgentDynamicAdmissibleOrders;AgentDynamicPriceTimeUnion;AgentDynamicQuantityTimeUnion;AgentDynamicTimeCollapsedOrders;toTimeCollapsed;toTimeCollapsed_injective;toProduct;toProduct_injective;toProduct;toProduct_injective
exmp:agent-adm-static	verified	#2da44e	market-representation	#1a7f37	lean-market-representation.yml	Foundations.MarketRepresentation.DisjointUnion	module-comment;AgentStaticAdmissibleOrders;toProduct;toProduct_embedding_injective
exmp:partial-order-static-market	verified	#2da44e	market-representation	#1a7f37	lean-market-representation.yml	Foundations.MarketRepresentation.DisjointUnion	module-comment;Intent;BuyPriority;SellPriority;buyPriority_isPartialOrder;sellPriority_isPartialOrder;StaticAdmissiblePriority;staticAdmissiblePriority_isPartialOrder
exmp:sort-discont	verified	#2da44e	market-representation	#1a7f37	lean-market-representation.yml	Foundations.MarketRepresentation.TuplesMeasurableSorting;Foundations.MarketRepresentation.TuplesSorting	module-comment;SortDiscontPoint;sortDiscontPair;sortDiscontPair_lt_of_first_lt;sortDiscontPair_lt_of_second_lt;sortDiscontSequenceCoord;sortDiscontLimitCoord;sortDiscontSequence;sortDiscontLimit;sortDiscontSequence_isSorted;sortDiscontLimit_not_isSorted;sortDiscontPair_edist_first;sortDiscontSequence_tendsto;sortDiscont_sortingRule_not_continuousAt;sortingRule_sort_eq_self_of_isSorted
exmp:total-order-dynamic-market	verified	#2da44e	market-representation	#1a7f37	lean-market-representation.yml	Foundations.MarketRepresentation.DisjointUnion	Lex3LE;BuyPriority;SellPriority;buyPriority_isPartialOrder;sellPriority_isPartialOrder;DynamicAdmissibleLexPriority;dynamicAdmissibleLexPriority_total;dynamicAdmissibleLexPriority_isPartialOrder;dynamicAdmissibleLexPriority_isTotal
exmp:total-order-static-market	verified	#2da44e	market-representation	#1a7f37	lean-market-representation.yml	Foundations.MarketRepresentation.DisjointUnion	StaticAdmissibleLexPriority;staticAdmissibleLexPriority_total;staticAdmissibleLexPriority_isPartialOrder;staticAdmissibleLexPriority_isTotal
lem:bounded-sets-measurable	verified	#2da44e	market-clearing	#cf222e	lean-market-clearing.yml	Foundations.MarketClearing.Equilibrium	module-comment;feasibleComparisonCell;infeasibleComparisonCell;measurableSet_feasibleComparisonCell;measurableSet_infeasibleComparisonCell
lem:cumulative-summation-continuous	verified	#2da44e	market-clearing	#cf222e	lean-market-clearing.yml	Foundations.MarketClearing.Equilibrium	cumulativeQuantityTuple;continuous_fixedLength_cumulativeQuantityTuple;continuous_cumulativeQuantityTuple;measurable_cumulativeQuantityTuple
lem:disintegration-lemma	verified	#2da44e	stochastic	#8250df	lean-stochastic.yml	Foundations.Stochastic.PointProcesses;Foundations.Stochastic.TupleMeasures	module-comment;finiteAtomicMeasure_toMeasure_apply;atomicDecomposition_toMeasure_singleton;nearbyAtomIndices;atomicDecomposition_toMeasure_thickening_singleton_eq_sum_nearbyAtomIndices;edist_atom_lt_of_mem_nearbyAtomIndices;atomicDecomposition_toMeasure_double_thickening_singleton_eq;atomicDecomposition_multiplicity_eq_sum_nearbyAtomIndices_of_isolated;nearbyAtomIndices_disjoint_of_disjoint_thickenings;disjoint_thickenings_of_add_lt_edist;atom_notMem_double_thickening_of_add_lt_edist;distinctAtomPairs;mem_distinctAtomPairs_iff;atomicDecompositionSeparationGamma;atomicDecompositionSeparationGamma_le_one;atomicDecompositionSeparationGamma_pos;add_self_lt_edist_of_lt_atomicDecompositionSeparationGamma;atomicDecomposition_disintegration_of_isolated_radius;atomicDecomposition_disintegration_of_pairwise_add_lt_edist;atomicDecomposition_disintegration_of_lt_separationGamma;tupleMeasures_disintegrationLemma;tupleInducedIntegerMeasure_disintegrationNearbyTuple_of_unique_cover;inversePermutedTupleMeasure_edist_lt_of_disintegration_outputs
lem:helpful-distinct	verified	#2da44e	market-representation	#1a7f37	lean-market-representation.yml	Foundations.MarketRepresentation.FiniteSets	nat_eq_of_edist_lt_one;exists_unique_value_of_mem_indexSet;index_injOn;ncard_indexSet_eq;exists_same_index_near_of_edist_lt;exists_same_index_near_of_edist_lt_one;indexSet_eq_of_edist_lt_one;ncard_eq_of_edist_lt_one;cauchySeq_tendsto_of_complete
lem:helpful-point-process	verified	#2da44e	stochastic	#8250df	lean-stochastic.yml	Foundations.Stochastic.PointProcesses	module-comment;nat_le_of_ennreal_nat_le_add_lt_one
lem:increasing-decreasing-measurable	verified	#2da44e	market-clearing	#cf222e	lean-market-clearing.yml	Foundations.MarketClearing.Equilibrium	module-comment;increasingRealFixedSet;decreasingRealFixedSet;measurableSet_increasingRealFixedSet;measurableSet_decreasingRealFixedSet
lem:measurable-enumeration	external	#8250df	stochastic	#8250df	lean-stochastic.yml	Foundations.Stochastic.TupleMeasures	module-comment;module-comment;daleyVereJones_measurableEnumeration;exists_measurableEnumeration;measurableEnumeration;measurable_measurableEnumeration;tupleInducedIntegerMeasure_measurableEnumeration;permutedTupleInducedIntegerMeasure_measurableEnumeration
lem:permutations-inherit-order	verified	#2da44e	market-representation	#1a7f37	lean-market-representation.yml	Foundations.MarketRepresentation.TuplesMeasurableSorting	permutationInheritedLE;permutationInheritedLE_total_order;rankedPermutation;sortingCell_cover_of_sortingRule;sortingCell_cover
lem:tuple-space-measurable-2	verified	#2da44e	market-clearing	#cf222e	lean-market-clearing.yml	Foundations.MarketClearing.Sorting	module-comment;measurableSet_realTupleHausdorff_iff_fixedLength
prin:agent-actions	commentary	#6e7781	foundations	#0969da	lean-foundations.yml	Foundations.Economics	module-comment
prin:clearing	commentary	#6e7781	foundations	#0969da	lean-foundations.yml	Foundations.Economics	module-comment
prin:finitism	commentary	#6e7781	foundations	#0969da	lean-foundations.yml	Foundations.Economics	module-comment
prop:application-continuous	verified	#2da44e	market-actions	#bf8700	lean-market-actions.yml	Foundations.MarketActions.Composite	module-comment;exists_add_payload_of_edist_lt;exists_cancel_payload_of_edist_lt;exists_modify_payload_of_edist_lt;continuousAt_applyAction_emetricTopology;continuous_applyAction_emetricTopology
prop:characteristic-functions-tuple	verified	#2da44e	market-clearing	#cf222e	lean-market-clearing.yml	Foundations.MarketClearing.Selection	module-comment;characteristicIndexSet;characteristicIndexSet_subset_domain;measurableSet_fixedLength_characteristicIndexSet_fiber;measurable_fixedLength_characteristicIndexSet;measurable_characteristicIndexSet_emetricBorel
prop:choosing-a-permutation	verified	#2da44e	stochastic	#8250df	lean-stochastic.yml	Foundations.Stochastic.PermutedTuples	module-comment;chooseRepresentative;mk_chooseRepresentative
prop:composition-continuous	verified	#2da44e	market-clearing	#cf222e	lean-market-clearing.yml	Foundations.MarketClearing.Selection	module-comment;continuousAt_reindex_emetricTopology;continuous_reindex_emetricTopology;measurable_reindex_emetricBorel
prop:countable-finite-sets	verified	#2da44e	market-representation	#1a7f37	lean-market-representation.yml	Foundations.MarketRepresentation.FiniteSets	toFinset_injective;countable
prop:disjoint-isomorphism	verified	#2da44e	market-representation	#1a7f37	lean-market-representation.yml	Foundations.MarketRepresentation.DisjointUnion	module-comment;PairwiseDisjoint;disjointUnion_equiv_union_of_pairwiseDisjoint
prop:disjoint-partial-order	verified	#2da44e	market-representation	#1a7f37	lean-market-representation.yml	Foundations.MarketRepresentation.DisjointUnion	module-comment;instLE;instPartialOrder
prop:disjoint-product	verified	#2da44e	market-representation	#1a7f37	lean-market-representation.yml	Foundations.MarketRepresentation.DisjointUnion	module-comment;toUnionProduct;taggedUnionSet;unionProductSet;taggedUnionSet_subset_unionProductSet;taggedUnionSet_eq_unionProductSet_iff_all_components_equal;toUnionProduct_embedding_injective
prop:disjoint-total-order	verified	#2da44e	market-representation	#1a7f37	lean-market-representation.yml	Foundations.MarketRepresentation.DisjointUnion	module-comment;LexLE;lexLE_isPartialOrder;lexLE_isTotal
prop:disjoint-union-metric-properties	verified	#2da44e	market-representation	#1a7f37	lean-market-representation.yml	Foundations.MarketRepresentation.DisjointUnionTopology	module-comment;completeSpace;separableSpace_sigma_of_countable;separableSpace_metricTopology_of_countable
prop:disjoint-union-metrization	verified	#2da44e	market-representation	#1a7f37	lean-market-representation.yml	Foundations.MarketRepresentation.DisjointUnionTopology	module-comment;disjointUnionEMetricSpace
prop:finite-equivalence-classes	verified	#2da44e	stochastic	#8250df	lean-stochastic.yml	Foundations.Stochastic.PermutedTuples	permutativeClass_eq_of_related;finite_permutativeClass;ncard_permutativeClass_le_factorial
prop:finite-hausdorff-isolative	verified	#2da44e	market-representation	#1a7f37	lean-market-representation.yml	Foundations.MarketRepresentation.FiniteSets	hausdorffEDistance_lower_bound_of_mem_notMem;finiteSubsets_isolative;finiteSubsets_completeSpace_of_isolative
prop:finite-hausdorff-isolative-iff-isolative	verified	#2da44e	market-representation	#1a7f37	lean-market-representation.yml	Foundations.MarketRepresentation.FiniteSets	singleton_edist;isolative_of_finiteSubsets_isolative;finiteSubsets_isolative_iff_isolative
prop:finite-separable	verified	#2da44e	market-representation	#1a7f37	lean-market-representation.yml	Foundations.MarketRepresentation.FiniteSets	exists_pos_lt_ennreal;finiteSubsetsOf;finiteSubsetsOf_countable;finiteSubsetsOf_dense;finiteSubsets_separableSpace
prop:finite-set-cauchy	verified	#2da44e	market-representation	#1a7f37	lean-market-representation.yml	Foundations.MarketRepresentation.FiniteSets	exists_pos_lt_ennreal;finitePrefix;mem_finitePrefix;finitePrefix_mem_self;finitePrefix_mem_of_le;finitePrefix_cauchySeq
prop:finite-sets-over-finite-set	verified	#2da44e	market-representation	#1a7f37	lean-market-representation.yml	Foundations.MarketRepresentation.FiniteSets	ofFiniteSetEmbedding;ofFiniteSetEmbedding_injective;ofFiniteSetEquivPowerset;finite_of_finite_set
prop:function-kernel-quotient-injective-extension	verified	#2da44e	stochastic	#8250df	lean-stochastic.yml	Foundations.Stochastic.KernelHilbert	functionKernelExtension;functionKernelExtension_class;functionKernelExtension_injective;functionKernelEquivRange
prop:graph-injects	verified	#2da44e	market-representation	#1a7f37	lean-market-representation.yml	Foundations.MarketRepresentation.TuplesBasic	module-comment;graph;length_eq_of_initialSegment_eq;graph_injective
prop:hausdorff-distance	verified	#2da44e	market-representation	#1a7f37	lean-market-representation.yml	Foundations.MarketRepresentation.FiniteSets	powersetHausdorffEDistance;powersetHausdorffEDistance_self;powersetHausdorffEDistance_comm;powersetHausdorffEDistance_triangle;powersetPseudoEMetricSpace
prop:index-augmented-hausdorff	verified	#2da44e	market-representation	#1a7f37	lean-market-representation.yml	Foundations.MarketRepresentation.FiniteSets	IndexAugmented;edist_mk_mk;separableSpace;completeSpace;separableSpace;completeSpace;distinctProperties
prop:induced-sorting	verified	#2da44e	market-representation	#1a7f37	lean-market-representation.yml	Foundations.MarketRepresentation.TuplesMeasurableSorting	leastValidRank;leastValidRank_spec;leastValidRank_min;leastValidRank_eq_of_mem_sortingCell;inducedSortingPermutation;inducedSortingRule;inducedSortingRule_sort_eq_of_mem_sortingCell
prop:injection-into-finite-sets	verified	#2da44e	market-representation	#1a7f37	lean-market-representation.yml	Foundations.MarketRepresentation.FiniteSets	singleton_injective
prop:inverse-permuted-tuple-measure-continuous	verified	#2da44e	stochastic	#8250df	lean-stochastic.yml	Foundations.Stochastic.PermutedTuples;Foundations.Stochastic.TupleMeasures	permutedTupleHausdorffEDistance_mk_mk_le_coordinateEDistSup;permutedTupleHausdorffEDistance_mk_mk_lt_of_forall_edist_lt;Finset.sum_sum_mem_eq_sum_of_unique_cover;Finset.unique_cover_of_disjoint_of_sum_eq;sum_replicate_indicator_const;tupleOfListMap;tupleOfListMap_sum_indicator;disintegrationGroupedIndexList;mem_disintegrationGroupedIndexList_nearby;disintegrationReferenceTuple;disintegrationNearbyTuple;disintegrationNearbyTuple_coordinatewise_edist_lt;tupleInducedIntegerMeasure_disintegrationReferenceTuple;tupleInducedIntegerMeasure_disintegrationNearbyTuple_of_unique_cover;nearbyAtomIndices_unique_cover_of_disintegration;inversePermutedTupleMeasure;permutedTupleInducedIntegerMeasure_inversePermutedTupleMeasure;inversePermutedTupleMeasure_permutedTupleInducedIntegerMeasure;inversePermutedTupleMeasure_edist_lt_of_coordinatewise_representatives;inversePermutedTupleMeasure_edist_lt_of_disintegration_grouped;inversePermutedTupleMeasure_edist_lt_of_disintegration_outputs;inversePermutedTupleMeasure_edist_lt_of_lt_separationGamma;inversePermutedTupleMeasure_edist_lt_of_prokhorovEDistance_lt_min;inversePermutedTupleMeasure_epsilon_delta_at;inversePermutedTupleMeasure_epsilon_delta
prop:isolative-finite-sets-complete	verified	#2da44e	market-representation	#1a7f37	lean-market-representation.yml	Foundations.MarketRepresentation.FiniteSets	eventually_constant_of_isolative;completeSpace_of_isolative
prop:kernel-space-hilbert-iff-image-closed	verified	#2da44e	stochastic	#8250df	lean-stochastic.yml	Foundations.Stochastic.KernelHilbert	innerProductKernelLinearEquivRange;innerProductKernelLinearIsometryEquivRange;kernelSpace_hilbert_iff_image_closed
prop:kernel-space-separable	verified	#2da44e	stochastic	#8250df	lean-stochastic.yml	Foundations.Stochastic.KernelHilbert	kernelSpace_separable
prop:measurable-partition-sorting	verified	#2da44e	market-representation	#1a7f37	lean-market-representation.yml	Foundations.MarketRepresentation.TuplesMeasurableSorting	sortingCell_pairwiseDisjoint;measurableSet_tupleHausdorff_iff_fixedLength;measurableSet_fixed_sortingValid_of_strictOrder;measurableSet_sortingValidSet_of_strictOrder;measurableSet_sortingCell_of_measurable_sortingValidSet;sortingCell_measurablePartition_of_sortingRule;sortingCell_measurablePartition_of_strictOrder;sortingCell_measurablePartition_of_strictOrder_exists
prop:minimal-sorting-measurable	verified	#2da44e	market-clearing	#cf222e	lean-market-clearing.yml	Foundations.MarketClearing.Sorting	module-comment;measurable_minimumSort_real_LE;measurable_realMinimalPermutationLE;measurable_realMinimalPermutationGE;sortedBuyPriceTuple;sortedBuyQuantityTuple;sortedSellPriceTuple;sortedSellQuantityTuple
prop:perm-equal-equiv	verified	#2da44e	stochastic	#8250df	lean-stochastic.yml	Foundations.Stochastic.PermutedTuples	module-comment;permutativeEquality_refl;permute_symm;permute_trans;permutativeEquality_symm;permutativeEquality_trans;permutativeSetoid
prop:permutations-countable	verified	#2da44e	market-representation	#1a7f37	lean-market-representation.yml	Foundations.MarketRepresentation.TuplesMeasurableSorting	module-comment;finitePermutations_countable
prop:permuted-tuple-measure-map-bijective	verified	#2da44e	stochastic	#8250df	lean-stochastic.yml	Foundations.Stochastic.TupleMeasures	tupleInducedIntegerMeasure_univ;sum_singleton_indicator_eq_filter_card;list_count_ofFn_eq_filter_card;length_eq_of_tupleInducedIntegerMeasure_eq;list_count_entries_eq_of_tupleInducedIntegerMeasure_eq;list_perm_entries_of_tupleInducedIntegerMeasure_eq;tupleInducedIntegerMeasure_eq_of_list_perm_entries;tupleInducedIntegerMeasure_eq_iff_list_perm_entries;permutativeEquality_of_list_perm_entries;tupleInducedIntegerMeasure_eq_iff_permutativeEquality;permutedTupleInducedIntegerMeasure;permutedTupleInducedIntegerMeasure_mk;permutedTupleInducedIntegerMeasure_injective;permutedTupleInducedIntegerMeasure_surjective_of_forall_atomicDecomposition;permutedTupleInducedIntegerMeasure_surjective_standardBorel;permutedTupleInducedIntegerMeasure_bijective_of_forall_atomicDecomposition;permutedTupleInducedIntegerMeasure_bijective_standardBorel
prop:permuting-continuous	verified	#2da44e	market-representation	#1a7f37	lean-market-representation.yml	Foundations.MarketRepresentation.TuplesMeasurableSorting	module-comment;continuous_sigmaMk_tupleHausdorff;continuous_fixedLength_permute;continuous_fixedPermutationMap;finitePermutationTuple;finitePermutationEDistance;finitePermutation_eq_of_edist_lt_one;isOpen_singleton_finitePermutation;permutationProductTopology;continuous_permutationMap;measurable_permutationMap_comp;continuous_fixedIndexListMap
prop:phi-extends	verified	#2da44e	stochastic	#8250df	lean-stochastic.yml	Foundations.Stochastic.KernelHilbert	functionKernelSetoid;functionKernel_equivalence
prop:phi-subspace	verified	#2da44e	stochastic	#8250df	lean-stochastic.yml	Foundations.Stochastic.KernelHilbert	module-comment;IsLinearSubspace;weaklyLinearRangeSubmodule_carrier;weaklyLinearOperator_iff_range_isSubspace;weaklyConvexOperator_iff_range_convexCone;weaklyConvexOperator_iff_range_convexCone_realVectorSpace
prop:segments-partition-incomp	verified	#2da44e	market-representation	#1a7f37	lean-market-representation.yml	Foundations.MarketRepresentation.TuplesSorting	indexConnected_of_mem_segmentDistinctFiniteSet;not_comparable_of_mem_distinct_segmentDistinctFiniteSet;tupleGraph_subset_segmentUnion;segmentUnion_eq_tupleGraph;segmentIndices_disjoint_of_ne;segmentGraph_disjoint_of_ne;not_indexComparable_of_distinct_segments;segmentGraph_incomparable_of_ne
prop:separation-continuous	verified	#2da44e	market-clearing	#cf222e	lean-market-clearing.yml	Foundations.MarketClearing.Selection;Foundations.MarketClearing.Sorting	module-comment;tag_eq_of_disjoint_edist_lt_one;valueAtTag_edist_eq;separationIndexSet_eq_of_fixed_edist_lt_one;componentFromIndices_edist_lt_of_fixed_near;continuousAt_separationComponent_disjointTopology;continuous_separationComponent_disjointTopology;continuous_separationOperator_disjointTopology;continuous_separationOperator_finitePiEMetric;continuous_buyOrders;continuous_sellOrders;continuous_separatedMarket;continuous_separatedMarket_finitePiEMetric
prop:sim-equivalence	verified	#2da44e	market-representation	#1a7f37	lean-market-representation.yml	Foundations.MarketRepresentation.TuplesSorting	indexConnected_refl;indexConnected_of_indexComparable;indexConnected_trans;indexConnected_symm;connectivitySetoid
prop:tau-injective	verified	#2da44e	market-representation	#1a7f37	lean-market-representation.yml	Foundations.MarketRepresentation.TuplesSorting	segmentArrivalIndex_injective;SegmentArrivalLE;segmentArrivalLE_total;segmentArrivalLE_antisymm;distinctFiniteSet_indexProjection_injOn
prop:transitive-closure-finite	verified	#2da44e	market-representation	#1a7f37	lean-market-representation.yml	Foundations.MarketRepresentation.TuplesMeasurableSorting	indexComparableSimpleGraph;indexComparableSimpleGraph_reachable_iff_indexConnected;indexConnected_exists_bounded_fixedPathComparable
prop:tuple-induced-measure-continuous	verified	#2da44e	stochastic	#8250df	lean-stochastic.yml	Foundations.Stochastic.TupleMeasures	tupleInducedIntegerMeasure_toMeasure_apply;tupleInducedIntegerMeasure_apply_le_thickening_of_forall_edist_lt;tupleInducedIntegerMeasure_prokhorovEDistance_le_of_fixedLength_edist_lt_one;tupleInducedIntegerMeasure_prokhorovEDistance_le_of_edist_lt_one;tupleInducedIntegerMeasure_prokhorovEDistance_lt_of_edist_lt_min;tupleInducedLevyProkhorovFiniteMeasure;tupleInducedLevyProkhorovFiniteMeasure_continuous
prop:tuple-measure-surjective	verified	#2da44e	stochastic	#8250df	lean-stochastic.yml	Foundations.Stochastic.TupleMeasures	module-comment;list_sum_flatMap;atomicExpansionList;sum_replicate_indicator;atomicExpansionList_sum_indicator;tupleOfList_sum_indicator;tupleInducedIntegerMeasure_atomicExpansion;tupleOfAtomicDecomposition;tupleInducedIntegerMeasure_tupleOfAtomicDecomposition;tupleInducedIntegerMeasure_surjective_of_atomicDecomposition;tupleInducedIntegerMeasure_surjective_of_forall_atomicDecomposition;tupleInducedIntegerMeasure_surjective_standardBorel
prop:tuple-monoid	verified	#2da44e	market-actions	#bf8700	lean-market-actions.yml	Foundations.MarketActions.Primitive	module-comment;tupleList;tupleMultiset;tupleList_length;tupleList_empty;tupleMultiset_empty;tuple_eq_of_tupleList_eq;tupleList_sortedLE;sortedTuple_eq_of_tupleMultiset_eq;tupleList_concat;tupleMultiset_concat;tupleMultiset_permute;tupleMultiset_sort;tupleMultiset_sortedAdd;sortedEmpty;module-comment;tupleMultiset_sortedAddOn;sortedAddOn_assoc;sortedAddOn_empty_right;sortedAddOn_empty_left;sortedAddOn_comm;sortedAddOn_right_cancel;sortedAddOn_left_cancel
prop:tuple-projection-continuous	verified	#2da44e	market-clearing	#cf222e	lean-market-clearing.yml	Foundations.MarketClearing.Selection;Foundations.MarketClearing.Sorting	module-comment;continuous_fixedLength_tupleProjection;continuous_tupleProjection_tupleHausdorff;continuous_tupleDecomposition_tupleHausdorff;tupleDecomposition_injective;continuous_priceTuple;continuous_quantityTuple;continuous_orderCoordinateTuples;orderCoordinateTuples_injective
prop:weak-linear-kernel-inner-product-space	verified	#2da44e	stochastic	#8250df	lean-stochastic.yml	Foundations.Stochastic.KernelHilbert	weakLinear_kernel_innerProduct_wellDefined;innerProductKernelCore;innerProductKernelSpace_normedAddCommGroup;innerProductKernelSpace_innerProductSpace;weakLinear_kernel_innerProductSpace
rem:hausdorff-convention	verified	#2da44e	market-representation	#1a7f37	lean-market-representation.yml	Foundations.MarketRepresentation.FiniteSets	hausdorffDistance_empty_right;hausdorffDistance_empty_left;hausdorffEDistance_empty_right;hausdorffEDistance_empty_left
thm:Hausdorff-finite-sets	verified	#2da44e	market-representation	#1a7f37	lean-market-representation.yml	Foundations.MarketRepresentation.FiniteSets	instEDist;instPseudoEMetricSpace;isClosed_coe;hausdorffEDistance_eq_zero;instEMetricSpace
thm:analytic-properties-actions	verified	#2da44e	market-actions	#bf8700	lean-market-actions.yml	Foundations.MarketActions.Analytic	module-comment;nat_isolative_bound_one;finiteSubsets_nat_eq_of_edist_lt_one;tupleDomain_eq_of_length_eq;cancel_survivorSet_eq_of_near;coordinateEDistSup_append_le_max;concat_edist_le_max_coordinate;concat_edist_le_max_of_fixed_lt_one;concat_edist_lt_of_fixed_lt;continuousAt_concat_emetricTopology;continuous_concat_emetricTopology;reindex_edist_le_coordinate;reindex_edist_le_of_fixed_lt_one;cancel_edist_le_of_fixed_same_removed_lt_one;cancel_edist_lt_of_fixed_same_removed;continuousAt_cancel_emetricTopology;continuous_cancel_emetricTopology;modification_indexSet_eq_of_near;modification_no_value_of_indexSet_eq;modification_no_value_of_near;modificationValue_edist_lt_of_mem;modify_entry_edist_lt_of_fixed_near;modify_edist_lt_of_fixed_near;continuousAt_modify_emetricTopology;continuous_modify_emetricTopology
thm:closed-convex-cone-closure-projection	verified	#2da44e	stochastic	#8250df	lean-stochastic.yml	Foundations.Stochastic.KernelHilbert	convexCone_zero_mem_of_nonempty;convex_of_convexCone;convexCone_smul_mem_closure;convexCone_closure;convexCone_closure_isComplete;closedConvexCone_closure_convexCone_and_complete;closedConvexCone_metricProjection_exists;convexSet_metricProjection_minimizer_unique;closedConvexConeMetricProjection;closedConvexConeMetricProjection_spec;closedConvexCone_metricProjection_existsUnique;closedConvexConeMetricProjection_eq_of_inner_nonpos;closedConvexConeMetricProjection_idempotent;closedConvexConeMetricProjection_positiveHomogeneous
thm:composite-action-metric	verified	#2da44e	market-actions	#bf8700	lean-market-actions.yml	Foundations.MarketActions.Composite	module-comment;compositeActionEMetricSpace;compositeAction_edist_eq_tupleHausdorffEDistance;compositeAction_completeSpace;compositeAction_separableSpace
thm:composite-application-continuous	verified	#2da44e	market-actions	#bf8700	lean-market-actions.yml	Foundations.MarketActions.Composite	module-comment;continuous_fixedCompositeApply_emetricTopology;continuous_applyCompositeAction_emetricTopology
thm:distinct-properties	verified	#2da44e	market-representation	#1a7f37	lean-market-representation.yml	Foundations.MarketRepresentation.FiniteSets	IndexAugmented;edist_mk_mk;separableSpace;completeSpace;indexSet;mem_indexSet;separableSpace;completeSpace;distinctProperties
thm:equilibrium-quantity-measurable	verified	#2da44e	market-clearing	#cf222e	lean-market-clearing.yml	Foundations.MarketClearing.Equilibrium	tupleQuantityEval;continuous_tupleQuantityEval;measurable_tupleQuantityEval;clearedQuantityAt;maxClearedQuantityForIndexSet;measurable_maxClearedQuantityForIndexSet;measurable_equilibriumQuantity;measurable_equilibriumQuantity_restricted;marketEquilibriumQuantity;measurable_marketEquilibriumQuantity
thm:grothendieck-vector-space-from-convex-cone	verified	#2da44e	stochastic	#8250df	lean-stochastic.yml	Foundations.Stochastic.KernelHilbert	weakConvexKernelImage;GrothendieckPair;grothendieckRel;grothendieckRel_equivalence;grothendieckSetoid;GrothendieckVectorization;grothendieckVectorization_addCommGroup;grothendieckVectorization_module;grothendieck_vectorSpace_from_convexCone;grothendieckVectorization_additionOfPairRepresentatives;grothendieckVectorization_scalarMultiplicationOfPairRepresentative_nonnegative;grothendieckVectorization_scalarMultiplicationOfPairRepresentative_negative
thm:grothendieck-vectorization-is-span	verified	#2da44e	stochastic	#8250df	lean-stochastic.yml	Foundations.Stochastic.KernelHilbert	weakConvex_range_zero_mem;weakConvex_range_add_mem;weakConvex_range_smul_mem;grothendieckDifferenceSubmodule;grothendieckDifferenceSubmodule_eq_span;grothendieckToSpan;grothendieckToSpan_pairRepresentative_formula;grothendieckToSpan_injective;grothendieckToSpan_surjective;grothendieckVectorizationEquivSpan;grothendieckVectorizationEquivSpan_pairRepresentative_formula;grothendieckVectorizationLinearEquivSpan;grothendieck_vectorization_is_span
thm:index-measurable	verified	#2da44e	market-clearing	#cf222e	lean-market-clearing.yml	Foundations.MarketClearing.Equilibrium	module-comment;tupleFixedRealCoordinates;sigmaMk_tupleFixedRealCoordinates_eq_of_length;measurable_tupleFixedRealCoordinates;measurableSet_tupleReal_length_eq;measurableSet_fixedLength_feasibleEquilibriumIndexSet_fiber;measurable_fixedLength_feasibleEquilibriumIndexSet;measurable_feasibleEquilibriumIndexSet;measurable_feasibleEquilibriumIndexSet_restricted
thm:integer-measures-tuples-homeomorphic	verified	#2da44e	stochastic	#8250df	lean-stochastic.yml	Foundations.Stochastic.TupleMeasures	module-comment;permutedTupleInducedIntegerMeasure_prokhorovEDistance_lt_of_edist_lt_min;IntegerMeasuresPermutedTuplesHomeomorphismData;integerMeasuresPermutedTuples_homeomorphismData;integerMeasuresPermutedTuples_homeomorphic
thm:measurable-partition	verified	#2da44e	market-representation	#1a7f37	lean-market-representation.yml	Foundations.MarketRepresentation.TuplesMeasurableSorting	module-comment;measurable_iff_measurable_restrict_partition
thm:measurable-sorting-exists	verified	#2da44e	market-representation	#1a7f37	lean-market-representation.yml	Foundations.MarketRepresentation.TuplesMeasurableSorting	module-comment;measurable_inducedSortingRule_restrict_sortingCell;measurable_inducedSortingRule_of_strictOrder;exists_measurableSortingRule_of_sortingRule_strictOrder;exists_measurableSortingRule_of_strictOrder;exists_measurableSortingRule_of_borelOrder
thm:minimal-sorting-measurable	verified	#2da44e	market-representation	#1a7f37	lean-market-representation.yml	Foundations.MarketRepresentation.TuplesMeasurableSorting;Foundations.MarketRepresentation.TuplesSorting	module-comment;measurable_of_measurable_restrict_countable_cover;measurableSet_strictOrder_of_measurableSet_le;fixedIndexComparableSet;measurableSet_fixedIndexComparableSet_of_borelOrder;fixedStrictLowerSet;measurableSet_fixedStrictLowerSet_of_borelOrder;fixedPathComparable;measurableSet_fixedPathComparable_of_borelOrder;fixedPathComparable_indexConnected;indexConnected_exists_fixedPathComparable;fixedPathWitnessSet;measurableSet_fixedPathWitnessSet_of_borelOrder;fixedIndexConnectedPathSet;measurableSet_fixedIndexConnectedPathSet_of_borelOrder;mem_fixedIndexConnectedPathSet_iff_indexConnected;measurableSet_fixedIndexConnected_of_borelOrder;fixedConnectivityPatternCell;measurableSet_fixedConnectivityPatternCell_of_borelOrder;fixedBlockRemaining;fixedBlockRemaining_zero;fixedBlockStepCell;measurableSet_fixedBlockStepCell_of_borelOrder;fixedBlockPermutationCell;measurableSet_fixedBlockPermutationCell_of_borelOrder;FixedBlockEnumeration;mem_fixedBlockPermutationCell_step;fixedBlockEnumerationCell_no_strict_lower;fixedBlockEnumerationCell_least_index_witness;fixedMinimalSortingRefinedCell;measurableSet_fixedMinimalSortingRefinedCell_of_borelOrder;fixedIndexListMap;fixedIndexGraphList_map_value;continuous_fixedIndexListMap;FixedBlockEnumeration.CoversBlock;FixedBlockEnumeration.InjectiveEnumeration;FixedBlockEnumeration.enum_mem_block_of_coversBlock;FixedBlockEnumeration.enum_mem_remaining_of_coversBlock_injective;FixedBlockEnumeration.mem_remaining_iff_exists_enum_ge;FixedBlockEnumeration.length_eq_card_block_of_coversBlock_injective;FixedBlockEnumeration.length_le_of_coversBlock_injective;FixedBlockEnumeration.length_indexList_pos_of_block_nonempty;blocks_length_le_fixedBlockEnumerationsIndexList_length_of_nonempty;nodup_blockList_of_pairwiseDisjoint_noEmpty;FixedMinimalSortingBranch;FixedMinimalSortingBranch.NoEmptyBlocks;FixedBlockCode;FixedMinimalSortingBranch.blocksMatchSegmentArrival;FixedMinimalSortingBranch.arrivalRefinedCell;FixedBlockEnumeration.distinctFiniteSet;FixedBlockEnumeration.segmentDistinctFiniteSet_eq_distinctFiniteSet;FixedBlockEnumeration.ofSegmentSort;FixedBlockEnumeration.ofSegmentSort_block_nonempty;FixedMinimalSortingBranch.blocksOfTuple;FixedMinimalSortingBranch.ofTuple;FixedMinimalSortingBranch.ofTuple_blocksMatchSegmentArrival;FixedBlockEnumeration.no_strict_lower_of_pairwise_graphList;FixedBlockEnumeration.ofSegmentSort_no_strict_lower;FixedBlockEnumeration.remainingGraphFinset;FixedBlockEnumeration.remainingGraphFinset_eq_graphPointListToFinset_drop;FixedBlockEnumeration.remainingGraphFinset_zero_eq_toFinset;FixedBlockEnumeration.ofSegmentSort_leastIndexValueMinimal_remainingGraphFinset_eq;FixedBlockEnumeration.least_index_witness_of_leastIndexValueMinimal;FixedBlockEnumeration.mem_fixedBlockStepCell_of_pairwise_graphList_leastIndexValueMinimal;FixedBlockEnumeration.ofSegmentSort_mem_fixedBlockStepCell;FixedBlockEnumeration.ofSegmentSort_mem_cell;FixedMinimalSortingBranch.mem_cell_ofTuple;FixedBlockEnumeration.remainingGraphFinset_erase_eq_next;FixedBlockEnumeration.remainingGraphFinset_erase_eq_empty_of_last;FixedBlockEnumeration.leastIndexValueMinimal_remainingGraphFinset_eq;FixedBlockEnumeration.distinctFiniteSetSortListAux_remainingGraphFinset_eq_cons;FixedBlockEnumeration.distinctFiniteSetSortListAux_remainingGraphFinset_eq_graphList_drop;FixedBlockEnumeration.distinctFiniteSetSortList_eq_graphList_of_mem_cell;minimumSortGraphBlocks_eq_fixedGraphBlocks_of_segmentBlocks_eq;FixedMinimalSortingBranch.minimumSortGraphBlocks_eq_graphLists_ofTuple;FixedMinimalSortingBranch.minimumSortGraphList_eq_graphList_ofTuple;FixedMinimalSortingBranch.minimumSortList_eq_indexList_map_ofTuple;FixedMinimalSortingBranch.minimumSort_eq_map_ofTuple;FixedMinimalSortingBranch.exists_mem_cell_blocksMatch_minimumSort_eq_map;FixedMinimalSortingBranch.iUnion_cell_eq_univ;FixedMinimalSortingBranch.mem_arrivalRefinedCell_ofTuple;FixedMinimalSortingBranch.noEmptyBlocks_of_blocksMatchSegmentArrival;FixedMinimalSortingBranch.noEmptyBlocks_of_mem_arrivalRefinedCell;FixedMinimalSortingBranch.ofTuple_noEmptyBlocks;FixedMinimalSortingBranch.iUnion_arrivalRefinedCell_eq_univ;segmentSetListByArrival_eq_of_same_connectedRelation;FixedMinimalSortingBranch.blocksMatchSegmentArrival_of_mem_cell_of_blocksMatchSegmentArrival;FixedMinimalSortingBranch.arrivalRefinedCell_eq_cell_of_mem;FixedMinimalSortingBranch.ofTuple_arrivalRefinedCell_eq_cell;FixedMinimalSortingBranch.ofTuple_blocksMatchSegmentArrival_of_mem_cell;FixedMinimalSortingBranch.indexConnected_iff_relation_of_mem_cell;FixedMinimalSortingBranch.indexConnected_iff_same_block_of_mem_cell;FixedMinimalSortingBranch.mem_blockStepCell_of_mem_cell;FixedMinimalSortingBranch.minimumSortGraphBlocks_eq_graphLists_of_blocksMatchSegmentArrival;FixedMinimalSortingBranch.minimumSortGraphList_eq_graphList_of_blocksMatchSegmentArrival;FixedMinimalSortingBranch.minimumSortList_eq_indexList_map_of_blocksMatchSegmentArrival;FixedMinimalSortingBranch.minimumSort_eq_map_of_blocksMatchSegmentArrival;FixedMinimalSortingBranch.minimumSort_eq_map_of_mem_arrivalRefinedCell;FixedMinimalSortingBranch.minimumSort_eq_map_of_mem_cell_of_mem_arrivalRefinedCell;FixedMinimalSortingBranch.minimumSort_eq_map_of_mem_cell_ofTuple;FixedMinimalSortingBranch.nodup_indexList;FixedMinimalSortingBranch.mem_indexList;FixedMinimalSortingBranch.sum_block_card_eq;FixedMinimalSortingBranch.blocks_length_le_of_noEmptyBlocks;FixedMinimalSortingBranch.nodup_blockList_of_noEmptyBlocks;FixedMinimalSortingBranch.blocks_length_le_of_mem_arrivalRefinedCell;FixedMinimalSortingBranch.nodup_blockList_of_mem_arrivalRefinedCell;FixedMinimalSortingBranch.ofTuple_blocks_length_le;FixedMinimalSortingBranch.ofTuple_nodup_blockList;FixedBranchCode.ofTuple;FixedBranchCode.toBranch_ofTuple_blocks;FixedBranchCode.mem_toBranch_arrivalRefinedCell_ofTuple;RealizedFixedBranchCode;RealizedFixedBranchCode.iUnion_cell_eq_univ;FixedMinimalSortingBranch.minimumSortIndexList_eq_indexList_of_blocksMatchSegmentArrival;FixedMinimalSortingBranch.minimumSortPermutation_eq_permutation_of_blocksMatchSegmentArrival;FixedMinimalSortingBranch.minimumSortPermutation_eq_permutation_of_witnessedCell;FixedMinimalSortingBranch.measurable_minimumSort_restrict_of_mem_arrivalRefinedCell;measurable_minimumSort_fixedLength_of_realizedBranchFiniteCover;measurable_minimumSort_fixedLength_of_realizedBranchCodes;measurable_minimumSort_of_borelOrder;measurable_minimumSortPermutation_fixedLength_of_realizedBranchCodes;measurable_minimumSortPermutation_of_borelOrder;OrderedFixedMinimalSortingBranch;OrderedFixedMinimalSortingBranch.minimumSort_eq_map_of_mem_cell;OrderedFixedMinimalSortingBranch.measurableSet_cell_of_borelOrder;OrderedFixedMinimalSortingBranch.continuous_map;OrderedFixedMinimalSortingBranch.measurable_minimumSort_restrict;measurable_minimumSort_fixedLength_of_orderedBranchPartition;measurable_minimumSort_fixedLength_of_orderedBranchFiniteCover;continuous_fixedBlockEnumerationsMap;exists_lower_value_of_index_lt_leastIndexValueMinimal;leastIndexValueMinimal_graphPointListToFinset_drop_distinctFiniteSetSortListAux
thm:pasting-lemma	verified	#2da44e	market-representation	#1a7f37	lean-market-representation.yml	Foundations.MarketRepresentation.DisjointUnionTopology	module-comment;continuous_pasting_iff;continuous_metricTopology_pasting_iff
thm:pasting-lemma-measurable	verified	#2da44e	market-representation	#1a7f37	lean-market-representation.yml	Foundations.MarketRepresentation.DisjointUnionTopology	module-comment;measurable_pasting_iff;borel_sigma_eq;borel_metricTopology_eq_sigma;measurable_metricTopology_pasting_iff
thm:permutation-exists	verified	#2da44e	market-representation	#1a7f37	lean-market-representation.yml	Foundations.MarketRepresentation.TuplesSorting	extensionSortingPermutation;extensionSortingPermutation_isSorting;sortingPermutation_exists
thm:permuted-tuple-hausdorff-metric-complete-separable	verified	#2da44e	stochastic	#8250df	lean-stochastic.yml	Foundations.Stochastic.PermutedTuples	permutativeOrbit;permutativeOrbit_eq_of_related;quotientOrbit;quotientOrbit_injective;instPseudoEMetricSpace;instEMetricSpace;quotientMk_edist_le_of_tuple_edist_lt_one;quotientMk_edist_lt_of_tuple_edist_lt_min;chooseRepresentative_mem_quotientOrbit;mk_eq_of_mem_quotientOrbit;exists_representative_edist_lt_of_quotient_edist_lt;quotientLength;quotientLength_eq_of_edist_lt_one;cauchySeq_eventually_constant_quotientLength;mem_quotientOrbit_of_mk_eq;separableSpace;cauchySeq_tendsto_of_complete;completeSpace
thm:point-process-tuple	verified	#2da44e	stochastic	#8250df	lean-stochastic.yml	Foundations.Stochastic.TupleMeasures	uniformPermutationMeasure;uniformPermutationMeasure_card_eq_factorial;continuous_fixedLength_permute_mk;measurable_fixedLength_permute_mk;uniformPermutationMeasure_apply;uniformPermutationMeasure_univ;uniformPermutationMeasure_isProbabilityMeasure;measurable_uniformPermutationMeasure;pointProcessTupleMeasure;measurable_pointProcessTupleMeasure;pointProcessTupleMeasure_isProbabilityMeasure;pointProcessTupleKernel;pointProcessTupleKernel_isMarkovKernel;pointProcessTuple_markovKernel
thm:prokhorov-metric-weak-convergence-polish	external	#8250df	foundations	#0969da	lean-foundations.yml	Foundations.External;Foundations.Stochastic.PointProcesses	finiteMeasure_prokhorov_metrizes_weakConvergence_polish;prokhorovFiniteMeasures_complete_polish;prokhorovFiniteMeasures_separable_polish;prokhorovFiniteIntegerMeasures_complete_polish;prokhorovFiniteIntegerMeasures_separable_polish;prokhorovMetricWeakConvergencePolish_externalSummary;prokhorovEDistance;prokhorovDistance;ProkhorovFiniteMeasures;ProkhorovFiniteIntegerMeasures;prokhorovFiniteMeasures_dist_eq;prokhorovEDistance_lt_top;ProkhorovConvergesFiniteMeasures
thm:sorting-exists	verified	#2da44e	market-representation	#1a7f37	lean-market-representation.yml	Foundations.MarketRepresentation.TuplesMeasurableSorting;Foundations.MarketRepresentation.TuplesSorting	exists_mem_sortingValidSet_of_sortingRule;exists_mem_sortingValidSet;chosenSortingPermutation;choiceSortingRule;sortingRule_exists
thm:sufficient-decomposition	external	#8250df	foundations	#0969da	lean-foundations.yml	Foundations.External;Foundations.Stochastic.PointProcesses	finiteIntegerMeasure_atomicDecomposition;finiteIntegerMeasure_atomicDecomposition_unique_up_to_permutation;finiteIntegerMeasure_exists_atomicDecomposition;finiteIntegerMeasure_atomicDecomposition_externalSummary;module-comment;diracFiniteMeasure;diracFiniteMeasure_apply;weightedDiracFiniteMeasure;weightedDiracFiniteMeasure_apply;finiteAtomicMeasure;finiteAtomicMeasure_apply;finiteAtomicMeasure_integerValued;finiteAtomicIntegerMeasure;finiteAtomicMeasure_univ;AtomicDecomposition
thm:the-standard-machinery	verified	#2da44e	market-representation	#1a7f37	lean-market-representation.yml	Foundations.MarketRepresentation.TuplesMeasurableSorting;Foundations.MarketRepresentation.TuplesMetricTopology	measurableSet_tupleHausdorff_iff_fixedLength;module-comment;tupleHausdorffMetricTopology_isOpen_iff;tupleHausdorffMetricTopology_eq_sigma;tupleHausdorffMetricTopology_eq_tupleSup;tupleHausdorffTupleSupHomeomorph;continuous_tupleHausdorff_iff_tupleSup;continuous_tupleHausdorff_iff_fixedLength;tupleHausdorffBorel;tupleSupBorel;tupleHausdorffBorel_eq_tupleSupBorel;tupleSupBorel_eq_sigma;measurable_tupleHausdorff_iff_tupleSup;measurable_tupleHausdorff_iff_fixedLength
thm:tuple-space-metrization	verified	#2da44e	market-representation	#1a7f37	lean-market-representation.yml	Foundations.MarketRepresentation.TuplesMetricTopology	tupleHausdorffEDistance;instEDist;instPseudoEMetricSpace;instEMetricSpace
thm:tuple-space-properties	verified	#2da44e	market-representation	#1a7f37	lean-market-representation.yml	Foundations.MarketRepresentation.TuplesMetricTopology	graph_isometry;ncard_initialSegment;ncard_indexSet_graph;ncard_graph;length_eq_of_edist_lt_one;coordinateEDistSup;fixedLength_edist_le_coordinateEDistSup;coordinate_edist_lt_one_of_fixedLength_edist_lt_one;coordinate_edist_le_fixedLength_edist_of_lt_one;coordinateEDistSup_le_fixedLength_edist_of_lt_one;fixedLength_edist_eq_coordinateEDistSup_of_lt_one;cauchySeq_eventually_constant_length;cauchySeq_tendsto_of_complete;completeSpace;tupleSupportedOn;tupleSupportedOn_countable;tupleSupportedOn_dense;separableSpace_via_graphImage;separableSpace;sortedTuple_separableSpace
thm:weak-linear-transport-vector-space-structure	verified	#2da44e	stochastic	#8250df	lean-stochastic.yml	Foundations.Stochastic.KernelHilbert	weakLinearKernelEquivRangeSubmodule;WeakLinearKernelSpace;weakLinearKernelSpaceEquivRange;weakLinearKernelSpace_addCommGroup;weakLinearKernelSpace_module;weakLinear_transport_vectorSpace_structure;weakLinear_transport_vectorSpace_instances
